test_agent_memory.py	0	37	0
test_ai_images.py	0	0	0
test_asks.py	0	0	0
test_audio_delete_2026_09_18.py	0	0	0
test_auth.py	0	0	0
test_bond_loop.py	0	0	0
test_bond_v2.py	0	0	0
test_bounties.py	0	73	0
test_brand.py	0	0	0
test_bugfix_clean_title_2026_09_19.py	0	8	0
test_bugfix_csrf_2026_09_19.py	0	0	0
test_bugfix_form_ratelimit_burn_2026_09_20.py	0	0	0
test_bugfix_nonce_ratelimit_2026_09_19.py	0	0	0
test_bugfix_open_redirects_2026_09_19.py	0	0	0
test_bugfix_redirects_2026_09_19.py	0	0	0
test_bugfix_sqlite_contention_2026_09_19.py	0	8	0
test_bugfix_validate_before_limit_2026_09_19.py	0	0	0
test_clip_delete_2026_09_23.py	0	18	0
test_collab.py	0	59	0
test_comments_pro.py	0	0	0
test_community_episodes.py	0	15	0
test_dm_2026_09_24.py	0	90	0
test_dm_human_access_2026_09_25.py	0	38	0
test_drift_adopt.py	0	31	0
test_duets.py	0	53	0
test_episode_comments_2026_09_18.py	0	22	0
test_episode_ordering.py	0	3	0
test_events.py	0	48	0
test_expansion.py	0	0	0
test_fs_400s_2026_09_18.py	0	0	0
test_gifs.py	0	0	0
test_human_usability.py	0	0	0
test_identity.py	0	0	0
test_identity_key_rotation.py	0	12	0
test_kind_tags.py	0	0	0
test_linking.py	0	0	0
test_links.py	0	0	0
test_listening_rooms_2026_09_21.py	0	0	0
test_mailing_list.py	0	35	0
test_memory.py	0	0	0
test_mod_approval.py	0	0	0
test_mod_csrf_2026_09_24.py	0	16	0
test_mod_notifications.py	0	0	0
test_musefm.py	0	78	0
test_notifications.py	0	0	0
test_onboard.py	0	38	0
test_onboard_life.py	0	54	0
test_onboard_starter_skills.py	0	16	0
test_openmic.py	0	0	0
test_orb_snap.py	0	39	1
test_overseer.py	0	52	0
test_p1_2026_09_18.py	0	0	0
test_p1_csrf_human_handle_2026_09_18.py	0	0	0
test_pet_fusion.py	0	21	0
test_pet_onboarding.py	0	0	0
test_pet_ownership.py	0	21	0
test_pet_presence.py	0	24	0
test_pets.py	0	101	1
test_photo_nav_2026_09_23.py	0	14	0
test_profile_pass1_2026_09_26.py	0	50	0
test_redesign_linkcard_2026_09_26.py	0	35	0
test_redesign_passA_2026_09_26.py	0	30	0
test_redesign_passB_2026_09_26.py	0	31	0
test_redesign_passC_2026_09_26.py	0	23	0
test_redesign_passD1_2026_09_26.py	0	15	0
test_redesign_passD2_2026_09_26.py	0	0	0
test_reefdex_nap.py	0	0	0
test_rewards.py	0	0	0
test_row.py	0	0	0
test_row_player.py	0	40	0
test_self_heal.py	0	0	0
test_shop.py	0	89	0
test_shop_idem_retry.py	0	4	0
test_shop_proxy.py	0	24	0
test_shorts.py	0	0	0
test_shorts_seen_rotation.py	0	12	6
test_shorts_shuffle.py	0	17	0
test_sidebar.py	0	0	0
test_signals.py	0	49	2
test_sso_provider_2026_09_21.py	0	0	0
test_swarm.py	0	71	0
test_testerloop_0046_p2s_2026_09_20.py	0	29	0
test_testerloop_1535_p2s_2026_09_23.py	0	2	6
test_testerloop_1835_fixes_2026_09_19.py	0	0	0
test_testerloop_1835_flood_wall_2026_09_20.py	0	12	4
test_testerloop_1835_p2s_2026_09_23.py	0	3	2
test_testerloop_2135_p2s_2026_09_23.py	0	0	0
test_testerloop_bio_truncate_2026_09_22.py	0	0	0
test_testerloop_comment_edit_truncate_2026_09_21.py	0	0	0
test_testerloop_empty_sig_2026_09_24.py	0	0	0
test_testerloop_episode_comment_redirect_2026_09_22.py	0	0	0
test_testerloop_error_messages_2026_09_22.py	0	4	2
test_testerloop_flag_messages_2026_09_19.py	0	0	0
test_testerloop_json_notype_400_2026_09_23.py	0	5	0
test_testerloop_logincsrf_2026_09_21.py	0	0	0
test_testerloop_logout_csrf_2026_09_24.py	0	0	0
test_testerloop_multipart_bool_2026_09_19.py	0	0	0
test_testerloop_newline_preserve_2026_09_19.py	0	3	0
test_testerloop_p2_2026_09_21.py	0	12	0
test_testerloop_p2_2026_09_21_b.py	0	6	0
test_testerloop_passport_envelope_2026_09_23.py	0	6	1
test_testerloop_pet_adopt_csrf_2026_09_24.py	0	8	0
test_testerloop_platformkey_envelope_2026_09_22.py	0	3	1
test_testerloop_post_body_limit_2026_09_20.py	0	0	0
test_testerloop_ratelimit_before_validate_2026_09_20.py	0	3	2
test_testerloop_rawint_exn_2026_09_22.py	0	3	3
test_testerloop_react_login_budget_burn_2026_09_24.py	0	4	0
test_testerloop_search_q_500_2026_09_24.py	0	0	0
test_testerloop_sig_missing_2026_09_24.py	0	0	0
test_testerloop_xff_direct_2026_09_22.py	0	4	0
test_tidepal_depth.py	0	99	0
test_tidepal_homepage.py	0	0	0
test_tidepal_social.py	0	68	0
test_tidepal_social_routes.py	0	26	2
test_tidepal_world.py	0	106	0
test_triage_route.py	0	19	0
test_trustline_bridge.py	0	0	0
test_ui_fixes_2026_09_18.py	0	0	0
test_upload_atomic_2026_09_23.py	0	10	0
test_upload_audio_mimetype_2026_09_18.py	0	0	0
test_uploads.py	0	0	0
test_video.py	0	0	0
test_video_comments.py	0	0	0
test_vote_stress.py	0	9	0
test_workroom.py	0	0	0
test_workroom_agent_loop.py	0	0	0
test_workroom_bridge.py	0	0	0
test_workroom_pilot.py	0	0	0
test_workroom_private.py	0	0	0
